id,value,target,status
R10,XT90 power socket is not sealed; a sealed power connector is to be evaluated before interface v0.1 is frozen (MTC-DDR-002); M12 and motor plug are IP65 or better when mated; vibration not analyzed,IP65 mated; survive road and stair vibration,At risk
R11,"Interface v0.1 adopted: XT90 (provisional), 9-pin motor plug, M12 A-coded safety loop, M12 B-coded command, plus an M8 speed sensor socket (MTC-DDR-003, to confirm); fit time needs a timed fit",One keyed connector set; fit in 2 h,Not verifiable at TRL 3
R1,"20 to 60 V covered by a 75 V controller and an 18 to 75 V aux buck; SwapCell 39.0 to 54.6 V, CargoMule 30.0 to 43.8 V, 8S LFP 20.0 to 29.2 V and CellGuard 16S LFP up to 58.4 V inside the range",20 to 60 V DC; 75 V transient,Met (design review)
R2,"250 W: 6.9 A at 46.8 V; 350 W: 17.7 A at 25.6 V; 750 W for 10 s: 21.9 A (SwapCell), 40.9 A (8S LFP); CargoMule's 15 A pack limit caps its peak at about 414 W; heavy case thermal met with the coil economizer (R9)",250 W reference; 350 W heavy (8S LFP); 750 W for 10 s,Met (paper)
R3,"74 ms worst case (37 ms modeled); hardwired channel A, no firmware in the path",100 ms; works with both processors failed,Met (paper)
R4,"Coil loop needs key reset; supervisor closes its switch only at zero throttle, brakes released, no faults",No automatic restart,Met (design review)
R5,75 ms from either switch to zero torque; brake coil powered from the loop,200 ms,Met (paper)
R6,"Period method, 2 % jitter vs 10 % threshold; trip in 0.71 s (1.5 m/s) and 0.60 s (25 km/h)",10 % for 0.5 s opens the contactor,Met (paper)
R7,170 ms worst (controller heartbeat); throttle range and BMS flag faster,200 ms,Met (paper)
R8,Peak 0.55 A through the resistor; 1.3 A at closure (worst pack); ready in 0.6 s,Under 5 A; ready within 1 s,Met
R9,"47.0 C reference; 55.6 C heavy at 350 W (floor plate 56.9 C), with the coil economizer; the sensitivity cases (twice the phase current, clone MOSFETs) reach 62 to 68 C (65.2 C at 500 W); shade assumed",60 C or less at 40 C ambient,Met (paper)
R12,240 x 168 x 69 mm; 1.92 kg,250 x 170 x 70 mm; 2.0 kg,Met
R13,Supervisor firmware MIT on its own processor; VESC firmware unmodified GPL-3.0 on the controller; CAN link only; formal license review open,Open hardware and firmware,Met (design review)
R14,"USD 297 for items 2 to 14 (reference motor USD 70 costed to the host; bench rig USD 35, prototype only)",Value-engineering target USD 300,Under the target by USD 3 (indicative prices)
